TEAM_ID,TEAM_NAME,GP,W,L,W_PCT,MIN,FGM,FGA,FG_PCT,FG3M,FG3A,FG3_PCT,FTM,FTA,FT_PCT,OREB,DREB,REB,AST,TOV,STL,BLK,BLKA,PF,PFD,PTS,PLUS_MINUS,GP_RANK,W_RANK,L_RANK,W_PCT_RANK,MIN_RANK,FGM_RANK,FGA_RANK,FG_PCT_RANK,FG3M_RANK,FG3A_RANK,FG3_PCT_RANK,FTM_RANK,FTA_RANK,FT_PCT_RANK,OREB_RANK,DREB_RANK,REB_RANK,AST_RANK,TOV_RANK,STL_RANK,BLK_RANK,BLKA_RANK,PF_RANK,PFD_RANK,PTS_RANK,PLUS_MINUS_RANK
1610612738,Boston Celtics,19,11,8,0.579,922.0,692,1582,0.437,199,581,0.343,343,447,0.767,168,624,792,403,221.0,130,77,106,388,406,1926,13.0,3,3,15,3,3,3,3,12,4,4,11,3,2,9,3,3,3,3,14,4,4,16,14,3,3,5
1610612739,Cleveland Cavaliers,22,12,10,0.545,1066.0,811,1801,0.45,221,667,0.331,382,508,0.752,215,695,910,423,279.0,131,97,96,430,481,2225,-38.0,1,2,16,5,1,2,2,10,3,2,15,1,1,11,1,2,2,2,16,3,2,15,16,1,2,12
1610612744,Golden State Warriors,21,16,5,0.762,1013.0,866,1806,0.48,235,659,0.357,352,428,0.822,192,753,945,547,270.0,165,122,76,414,408,2319,210.0,2,1,10,1,2,1,1,3,1,3,10,2,3,3,2,1,1,1,15,1,1,14,15,2,1,1
1610612745,Houston Rockets,17,11,6,0.647,816.0,632,1450,0.436,228,676,0.337,292,378,0.772,149,582,731,320,205.0,138,93,74,325,332,1784,31.0,4,3,12,2,4,4,4,14,2,1,13,4,4,7,4,4,4,4,13,2,3,13,13,4,4,4
1610612754,Indiana Pacers,7,3,4,0.429,336.0,270,561,0.481,68,190,0.358,96,135,0.711,57,223,280,148,92.0,57,19,25,153,142,704,40.0,9,9,1,8,10,10,9,2,9,9,9,13,12,13,9,10,9,10,7,8,13,2,7,9,10,2
1610612748,Miami Heat,5,1,4,0.2,240.0,183,414,0.442,54,138,0.391,97,143,0.678,48,157,205,119,80.0,44,32,21,146,120,517,-54.0,13,13,1,13,13,14,14,11,12,13,2,12,9,16,12,14,14,12,4,13,10,1,6,13,13,16
1610612749,Milwaukee Bucks,7,3,4,0.429,341.0,274,548,0.5,67,180,0.372,98,139,0.705,39,231,270,154,92.0,46,47,29,160,136,713,-4.0,9,9,1,8,9,9,10,1,10,10,4,10,11,14,16,9,10,9,7,12,7,5,8,10,9,6
1610612750,Minnesota Timberwolves,5,1,4,0.2,240.0,190,413,0.46,45,109,0.413,83,114,0.728,43,183,226,112,63.0,25,16,31,91,88,508,-44.0,13,13,1,13,13,13,15,7,14,16,1,15,15,12,14,13,13,13,3,16,14,6,2,15,14,13
1610612740,New Orleans Pelicans,9,5,4,0.556,432.0,386,808,0.478,89,243,0.366,129,165,0.782,71,339,410,242,130.0,73,45,44,174,171,990,-7.0,8,5,1,4,8,8,8,4,8,8,6,8,8,5,8,7,7,6,9,7,8,9,9,8,8,7
1610612760,Oklahoma City Thunder,6,2,4,0.333,288.0,223,519,0.43,63,173,0.364,98,127,0.772,56,208,264,98,84.0,53,25,33,130,124,607,-26.0,11,11,1,11,11,12,11,15,11,11,7,10,13,8,10,11,11,14,6,10,12,7,5,12,12,10
1610612755,Philadelphia 76ers,10,5,5,0.5,485.0,387,885,0.437,99,293,0.338,215,283,0.76,134,361,495,258,146.0,78,41,59,228,255,1088,39.0,6,5,10,6,6,7,6,13,7,6,12,5,5,10,5,6,5,5,11,6,9,11,12,5,6,3
1610612757,Portland Trail Blazers,4,0,4,0.0,192.0,165,364,0.453,43,129,0.333,49,63,0.778,45,129,174,76,58.0,33,15,26,82,78,422,-36.0,16,16,1,16,16,16,16,9,15,15,14,16,16,6,13,16,16,16,2,15,15,4,1,16,16,11
1610612759,San Antonio Spurs,5,1,4,0.2,240.0,173,419,0.413,42,141,0.298,96,115,0.835,42,146,188,95,55.0,38,15,25,102,99,484,-44.0,13,13,1,13,13,15,13,16,16,12,16,13,14,2,15,15,15,15,1,14,15,2,3,14,15,13
1610612761,Toronto Raptors,10,4,6,0.4,485.0,389,823,0.473,104,267,0.39,191,239,0.799,94,307,401,218,140.0,57,61,48,226,203,1073,-44.0,6,8,12,10,6,6,7,5,6,7,3,6,7,4,7,8,8,8,10,8,5,10,10,7,7,13
1610612762,Utah Jazz,11,5,6,0.455,528.0,415,912,0.455,118,329,0.359,178,259,0.687,103,392,495,223,171.0,83,55,61,226,230,1126,-24.0,5,5,12,7,5,5,5,8,5,5,8,7,6,15,6,5,5,7,12,5,6,12,10,6,5,9
1610612764,Washington Wizards,6,2,4,0.333,288.0,238,511,0.466,48,131,0.366,119,140,0.85,51,189,240,140,81.0,47,31,37,126,128,643,-12.0,11,11,1,11,11,11,12,6,13,14,5,9,10,1,11,12,12,11,5,11,11,8,4,11,11,8
